{
  "timestamp": "20260121_161653",
  "config": {
    "train_window": 1260,
    "test_window": 21,
    "risk_free_rate": 0.04,
    "patchtst_mode": "full"
  },
  "metrics": {
    "baseline1": {
      "Annual Return": 0.16080056142938814,
      "Annual Volatility": 0.12834923871702025,
      "Sharpe Ratio": 0.9264599956744832,
      "Calmar Ratio": 0.6640043303722111,
      "Max Drawdown": -0.2421679408916664,
      "Total Return": 3.38712114756209,
      "Num Periods": 119
    },
    "baseline2": {
      "Annual Return": 0.13077108345297517,
      "Annual Volatility": 0.13263016541015082,
      "Sharpe Ratio": 0.7010664435929626,
      "Calmar Ratio": 0.6310055841988079,
      "Max Drawdown": -0.20724235526222182,
      "Total Return": 2.3829770288373284,
      "Num Periods": 119
    },
    "patchtst": {
      "Annual Return": 0.12195392135343996,
      "Annual Volatility": 0.12128702122304523,
      "Sharpe Ratio": 0.6895567772457749,
      "Calmar Ratio": 0.7756397583686753,
      "Max Drawdown": -0.1572301059062951,
      "Total Return": 2.1302975625851386,
      "Num Periods": 119
    }
  },
  "forecast_metrics": {
    "baseline1": {
      "rmse": 0.06952216454892773,
      "mae": 0.05063428376447924,
      "hit_rate": 0.561344537815126
    },
    "baseline2": {
      "rmse": 0.06978258877853276,
      "mae": 0.051042991492255725,
      "hit_rate": 0.527735368956743
    },
    "patchtst": {
      "rmse": 0.07680381854366337,
      "mae": 0.055937878125725926,
      "hit_rate": 0.5121848739495798
    }
  }
}