{
  "timestamp": "20260122_181947",
  "config": {
    "train_window": 1260,
    "test_window": 21,
    "risk_free_rate": 0.04,
    "patchtst_mode": "full"
  },
  "metrics": {
    "baseline1": {
      "Annual Return": 0.16080070796683787,
      "Annual Volatility": 0.12834928326802875,
      "Sharpe Ratio": 0.926460714854932,
      "Calmar Ratio": 0.6640044403418788,
      "Max Drawdown": -0.24216812147226868,
      "Total Return": 3.3871266396389537,
      "Num Periods": 119
    },
    "baseline2": {
      "Annual Return": 0.12939125238855698,
      "Annual Volatility": 0.1333773729605323,
      "Sharpe Ratio": 0.6886709267863875,
      "Calmar Ratio": 0.586585472812885,
      "Max Drawdown": -0.22058379960908361,
      "Total Return": 2.34226202553652,
      "Num Periods": 119
    },
    "patchtst": {
      "Annual Return": 0.14557533159410485,
      "Annual Volatility": 0.12629571862409078,
      "Sharpe Ratio": 0.8335049738493072,
      "Calmar Ratio": 1.0737777521103256,
      "Max Drawdown": -0.13557305625675478,
      "Total Return": 2.8487339735587076,
      "Num Periods": 119
    }
  },
  "forecast_metrics": {
    "baseline1": {
      "rmse": 0.0695221720180903,
      "mae": 0.05063429091260506,
      "hit_rate": 0.561344537815126
    },
    "baseline2": {
      "rmse": 0.06978935316054995,
      "mae": 0.05104650144609168,
      "hit_rate": 0.527013251783894
    },
    "patchtst": {
      "rmse": 0.0847477236467496,
      "mae": 0.06199240487522777,
      "hit_rate": 0.5172268907563026
    }
  }
}