{
  "timestamp": "20260122_104109",
  "config": {
    "train_window": 1260,
    "test_window": 21,
    "risk_free_rate": 0.04,
    "patchtst_mode": "full"
  },
  "metrics": {
    "baseline1": {
      "Annual Return": 0.16080072429052406,
      "Annual Volatility": 0.12834921550059425,
      "Sharpe Ratio": 0.9264612455655843,
      "Calmar Ratio": 0.6640048422951137,
      "Max Drawdown": -0.24216799946024634,
      "Total Return": 3.3871272514347472,
      "Num Periods": 119
    },
    "baseline2": {
      "Annual Return": 0.13195453369592203,
      "Annual Volatility": 0.13326202845274782,
      "Sharpe Ratio": 0.7062524651127555,
      "Calmar Ratio": 0.6367156088779022,
      "Max Drawdown": -0.2072424986226871,
      "Total Return": 2.418252057358808,
      "Num Periods": 119
    },
    "patchtst": {
      "Annual Return": 0.1315489462868935,
      "Annual Volatility": 0.12883935174193414,
      "Sharpe Ratio": 0.7223037401824961,
      "Calmar Ratio": 0.8959731601171684,
      "Max Drawdown": -0.14682241850826264,
      "Total Return": 2.4061256649642604,
      "Num Periods": 119
    }
  },
  "forecast_metrics": {
    "baseline1": {
      "rmse": 0.06952216273603262,
      "mae": 0.05063428156711213,
      "hit_rate": 0.5609243697478992
    },
    "baseline2": {
      "rmse": 0.06979581871779027,
      "mae": 0.051048774499374325,
      "hit_rate": 0.5282442748091603
    },
    "patchtst": {
      "rmse": 0.08468204848275068,
      "mae": 0.062171731311248125,
      "hit_rate": 0.5105042016806722
    }
  }
}