{
  "timestamp": "20260121_214904",
  "config": {
    "train_window": 1260,
    "test_window": 21,
    "risk_free_rate": 0.04,
    "patchtst_mode": "full"
  },
  "metrics": {
    "baseline1": {
      "Annual Return": 0.1608005208749852,
      "Annual Volatility": 0.12834929427909783,
      "Sharpe Ratio": 0.9264593736587412,
      "Calmar Ratio": 0.6640037951828598,
      "Max Drawdown": -0.24216807500430385,
      "Total Return": 3.3871196276247746,
      "Num Periods": 119
    },
    "baseline2": {
      "Annual Return": 0.1319791636038008,
      "Annual Volatility": 0.13248063780664907,
      "Sharpe Ratio": 0.7098576558328576,
      "Calmar Ratio": 0.6368345711097925,
      "Max Drawdown": -0.2072424607442474,
      "Total Return": 2.4189896995236526,
      "Num Periods": 119
    },
    "patchtst": {
      "Annual Return": 0.10780126355111275,
      "Annual Volatility": 0.12368592065224156,
      "Sharpe Ratio": 0.5752214354029578,
      "Calmar Ratio": 0.6933455431359336,
      "Max Drawdown": -0.15547985361460356,
      "Total Return": 1.7600274854549363,
      "Num Periods": 119
    }
  },
  "forecast_metrics": {
    "baseline1": {
      "rmse": 0.06952217204841354,
      "mae": 0.05063429037300186,
      "hit_rate": 0.5609243697478992
    },
    "baseline2": {
      "rmse": 0.0697788838016211,
      "mae": 0.0510376063763768,
      "hit_rate": 0.5264496439471007
    },
    "patchtst": {
      "rmse": 0.07692512788733893,
      "mae": 0.055141665623643504,
      "hit_rate": 0.5369747899159664
    }
  }
}